[{"model": "auth.permission", "pk": 1, "fields": {"name": "Can add log entry", "content_type": 1, "codename": "add_logentry"}}, {"model": "auth.permission", "pk": 2, "fields": {"name": "Can change log entry", "content_type": 1, "codename": "change_logentry"}}, {"model": "auth.permission", "pk": 3, "fields": {"name": "Can delete log entry", "content_type": 1, "codename": "delete_logentry"}}, {"model": "auth.permission", "pk": 4, "fields": {"name": "Can view log entry", "content_type": 1, "codename": "view_logentry"}}, {"model": "auth.permission", "pk": 5, "fields": {"name": "Can add permission", "content_type": 2, "codename": "add_permission"}}, {"model": "auth.permission", "pk": 6, "fields": {"name": "Can change permission", "content_type": 2, "codename": "change_permission"}}, {"model": "auth.permission", "pk": 7, "fields": {"name": "Can delete permission", "content_type": 2, "codename": "delete_permission"}}, {"model": "auth.permission", "pk": 8, "fields": {"name": "Can view permission", "content_type": 2, "codename": "view_permission"}}, {"model": "auth.permission", "pk": 9, "fields": {"name": "Can add group", "content_type": 3, "codename": "add_group"}}, {"model": "auth.permission", "pk": 10, "fields": {"name": "Can change group", "content_type": 3, "codename": "change_group"}}, {"model": "auth.permission", "pk": 11, "fields": {"name": "Can delete group", "content_type": 3, "codename": "delete_group"}}, {"model": "auth.permission", "pk": 12, "fields": {"name": "Can view group", "content_type": 3, "codename": "view_group"}}, {"model": "auth.permission", "pk": 13, "fields": {"name": "Can add content type", "content_type": 4, "codename": "add_contenttype"}}, {"model": "auth.permission", "pk": 14, "fields": {"name": "Can change content type", "content_type": 4, "codename": "change_contenttype"}}, {"model": "auth.permission", "pk": 15, "fields": {"name": "Can delete content type", "content_type": 4, "codename": "delete_contenttype"}}, {"model": "auth.permission", "pk": 16, "fields": {"name": "Can view content type", "content_type": 4, "codename": "view_contenttype"}}, {"model": "auth.permission", "pk": 17, "fields": {"name": "Can add session", "content_type": 5, "codename": "add_session"}}, {"model": "auth.permission", "pk": 18, "fields": {"name": "Can change session", "content_type": 5, "codename": "change_session"}}, {"model": "auth.permission", "pk": 19, "fields": {"name": "Can delete session", "content_type": 5, "codename": "delete_session"}}, {"model": "auth.permission", "pk": 20, "fields": {"name": "Can view session", "content_type": 5, "codename": "view_session"}}, {"model": "auth.permission", "pk": 21, "fields": {"name": "Can add Token", "content_type": 6, "codename": "add_token"}}, {"model": "auth.permission", "pk": 22, "fields": {"name": "Can change Token", "content_type": 6, "codename": "change_token"}}, {"model": "auth.permission", "pk": 23, "fields": {"name": "Can delete Token", "content_type": 6, "codename": "delete_token"}}, {"model": "auth.permission", "pk": 24, "fields": {"name": "Can view Token", "content_type": 6, "codename": "view_token"}}, {"model": "auth.permission", "pk": 25, "fields": {"name": "Can add token", "content_type": 7, "codename": "add_tokenproxy"}}, {"model": "auth.permission", "pk": 26, "fields": {"name": "Can change token", "content_type": 7, "codename": "change_tokenproxy"}}, {"model": "auth.permission", "pk": 27, "fields": {"name": "Can delete token", "content_type": 7, "codename": "delete_tokenproxy"}}, {"model": "auth.permission", "pk": 28, "fields": {"name": "Can view token", "content_type": 7, "codename": "view_tokenproxy"}}, {"model": "auth.permission", "pk": 29, "fields": {"name": "Can add Город", "content_type": 8, "codename": "add_city"}}, {"model": "auth.permission", "pk": 30, "fields": {"name": "Can change Город", "content_type": 8, "codename": "change_city"}}, {"model": "auth.permission", "pk": 31, "fields": {"name": "Can delete Город", "content_type": 8, "codename": "delete_city"}}, {"model": "auth.permission", "pk": 32, "fields": {"name": "Can view Город", "content_type": 8, "codename": "view_city"}}, {"model": "auth.permission", "pk": 33, "fields": {"name": "Can add Дисциплина уличной культуры", "content_type": 9, "codename": "add_discipline"}}, {"model": "auth.permission", "pk": 34, "fields": {"name": "Can change Дисциплина уличной культуры", "content_type": 9, "codename": "change_discipline"}}, {"model": "auth.permission", "pk": 35, "fields": {"name": "Can delete Дисциплина уличной культуры", "content_type": 9, "codename": "delete_discipline"}}, {"model": "auth.permission", "pk": 36, "fields": {"name": "Can view Дисциплина уличной культуры", "content_type": 9, "codename": "view_discipline"}}, {"model": "auth.permission", "pk": 37, "fields": {"name": "Can add Мероприятие", "content_type": 10, "codename": "add_event"}}, {"model": "auth.permission", "pk": 38, "fields": {"name": "Can change Мероприятие", "content_type": 10, "codename": "change_event"}}, {"model": "auth.permission", "pk": 39, "fields": {"name": "Can delete Мероприятие", "content_type": 10, "codename": "delete_event"}}, {"model": "auth.permission", "pk": 40, "fields": {"name": "Can view Мероприятие", "content_type": 10, "codename": "view_event"}}, {"model": "auth.permission", "pk": 41, "fields": {"name": "Can add Тип мероприятия", "content_type": 11, "codename": "add_typeevent"}}, {"model": "auth.permission", "pk": 42, "fields": {"name": "Can change Тип мероприятия", "content_type": 11, "codename": "change_typeevent"}}, {"model": "auth.permission", "pk": 43, "fields": {"name": "Can delete Тип мероприятия", "content_type": 11, "codename": "delete_typeevent"}}, {"model": "auth.permission", "pk": 44, "fields": {"name": "Can view Тип мероприятия", "content_type": 11, "codename": "view_typeevent"}}, {"model": "auth.permission", "pk": 45, "fields": {"name": "Can add Подкатегория дисциплины", "content_type": 12, "codename": "add_subdiscipline"}}, {"model": "auth.permission", "pk": 46, "fields": {"name": "Can change Подкатегория дисциплины", "content_type": 12, "codename": "change_subdiscipline"}}, {"model": "auth.permission", "pk": 47, "fields": {"name": "Can delete Подкатегория дисциплины", "content_type": 12, "codename": "delete_subdiscipline"}}, {"model": "auth.permission", "pk": 48, "fields": {"name": "Can view Подкатегория дисциплины", "content_type": 12, "codename": "view_subdiscipline"}}, {"model": "auth.permission", "pk": 49, "fields": {"name": "Can add Регион", "content_type": 13, "codename": "add_region"}}, {"model": "auth.permission", "pk": 50, "fields": {"name": "Can change Регион", "content_type": 13, "codename": "change_region"}}, {"model": "auth.permission", "pk": 51, "fields": {"name": "Can delete Регион", "content_type": 13, "codename": "delete_region"}}, {"model": "auth.permission", "pk": 52, "fields": {"name": "Can view Регион", "content_type": 13, "codename": "view_region"}}, {"model": "auth.permission", "pk": 53, "fields": {"name": "Can add Локация мероприятия", "content_type": 14, "codename": "add_location"}}, {"model": "auth.permission", "pk": 54, "fields": {"name": "Can change Локация мероприятия", "content_type": 14, "codename": "change_location"}}, {"model": "auth.permission", "pk": 55, "fields": {"name": "Can delete Локация мероприятия", "content_type": 14, "codename": "delete_location"}}, {"model": "auth.permission", "pk": 56, "fields": {"name": "Can view Локация мероприятия", "content_type": 14, "codename": "view_location"}}, {"model": "auth.permission", "pk": 57, "fields": {"name": "Can add Галерея меропрития", "content_type": 15, "codename": "add_galleryevent"}}, {"model": "auth.permission", "pk": 58, "fields": {"name": "Can change Галерея меропрития", "content_type": 15, "codename": "change_galleryevent"}}, {"model": "auth.permission", "pk": 59, "fields": {"name": "Can delete Галерея меропрития", "content_type": 15, "codename": "delete_galleryevent"}}, {"model": "auth.permission", "pk": 60, "fields": {"name": "Can view Галерея меропрития", "content_type": 15, "codename": "view_galleryevent"}}, {"model": "auth.permission", "pk": 61, "fields": {"name": "Can add Категория", "content_type": 16, "codename": "add_category"}}, {"model": "auth.permission", "pk": 62, "fields": {"name": "Can change Категория", "content_type": 16, "codename": "change_category"}}, {"model": "auth.permission", "pk": 63, "fields": {"name": "Can delete Категория", "content_type": 16, "codename": "delete_category"}}, {"model": "auth.permission", "pk": 64, "fields": {"name": "Can view Категория", "content_type": 16, "codename": "view_category"}}, {"model": "auth.permission", "pk": 65, "fields": {"name": "Can add Новость", "content_type": 17, "codename": "add_news"}}, {"model": "auth.permission", "pk": 66, "fields": {"name": "Can change Новость", "content_type": 17, "codename": "change_news"}}, {"model": "auth.permission", "pk": 67, "fields": {"name": "Can delete Новость", "content_type": 17, "codename": "delete_news"}}, {"model": "auth.permission", "pk": 68, "fields": {"name": "Can view Новость", "content_type": 17, "codename": "view_news"}}, {"model": "auth.permission", "pk": 69, "fields": {"name": "Can add Галерея новости", "content_type": 18, "codename": "add_gallerynews"}}, {"model": "auth.permission", "pk": 70, "fields": {"name": "Can change Галерея новости", "content_type": 18, "codename": "change_gallerynews"}}, {"model": "auth.permission", "pk": 71, "fields": {"name": "Can delete Галерея новости", "content_type": 18, "codename": "delete_gallerynews"}}, {"model": "auth.permission", "pk": 72, "fields": {"name": "Can view Галерея новости", "content_type": 18, "codename": "view_gallerynews"}}, {"model": "auth.permission", "pk": 73, "fields": {"name": "Can add Пользователь", "content_type": 19, "codename": "add_useraccount"}}, {"model": "auth.permission", "pk": 74, "fields": {"name": "Can change Пользователь", "content_type": 19, "codename": "change_useraccount"}}, {"model": "auth.permission", "pk": 75, "fields": {"name": "Can delete Пользователь", "content_type": 19, "codename": "delete_useraccount"}}, {"model": "auth.permission", "pk": 76, "fields": {"name": "Can view Пользователь", "content_type": 19, "codename": "view_useraccount"}}, {"model": "auth.permission", "pk": 77, "fields": {"name": "Can add Партнёр", "content_type": 20, "codename": "add_partner"}}, {"model": "auth.permission", "pk": 78, "fields": {"name": "Can change Партнёр", "content_type": 20, "codename": "change_partner"}}, {"model": "auth.permission", "pk": 79, "fields": {"name": "Can delete Партнёр", "content_type": 20, "codename": "delete_partner"}}, {"model": "auth.permission", "pk": 80, "fields": {"name": "Can view Партнёр", "content_type": 20, "codename": "view_partner"}}, {"model": "contenttypes.contenttype", "pk": 1, "fields": {"app_label": "admin", "model": "logentry"}}, {"model": "contenttypes.contenttype", "pk": 2, "fields": {"app_label": "auth", "model": "permission"}}, {"model": "contenttypes.contenttype", "pk": 3, "fields": {"app_label": "auth", "model": "group"}}, {"model": "contenttypes.contenttype", "pk": 4, "fields": {"app_label": "contenttypes", "model": "contenttype"}}, {"model": "contenttypes.contenttype", "pk": 5, "fields": {"app_label": "sessions", "model": "session"}}, {"model": "contenttypes.contenttype", "pk": 6, "fields": {"app_label": "authtoken", "model": "token"}}, {"model": "contenttypes.contenttype", "pk": 7, "fields": {"app_label": "authtoken", "model": "tokenproxy"}}, {"model": "contenttypes.contenttype", "pk": 8, "fields": {"app_label": "events", "model": "city"}}, {"model": "contenttypes.contenttype", "pk": 9, "fields": {"app_label": "events", "model": "discipline"}}, {"model": "contenttypes.contenttype", "pk": 10, "fields": {"app_label": "events", "model": "event"}}, {"model": "contenttypes.contenttype", "pk": 11, "fields": {"app_label": "events", "model": "typeevent"}}, {"model": "contenttypes.contenttype", "pk": 12, "fields": {"app_label": "events", "model": "subdiscipline"}}, {"model": "contenttypes.contenttype", "pk": 13, "fields": {"app_label": "events", "model": "region"}}, {"model": "contenttypes.contenttype", "pk": 14, "fields": {"app_label": "events", "model": "location"}}, {"model": "contenttypes.contenttype", "pk": 15, "fields": {"app_label": "events", "model": "galleryevent"}}, {"model": "contenttypes.contenttype", "pk": 16, "fields": {"app_label": "news", "model": "category"}}, {"model": "contenttypes.contenttype", "pk": 17, "fields": {"app_label": "news", "model": "news"}}, {"model": "contenttypes.contenttype", "pk": 18, "fields": {"app_label": "news", "model": "gallerynews"}}, {"model": "contenttypes.contenttype", "pk": 19, "fields": {"app_label": "user", "model": "useraccount"}}, {"model": "contenttypes.contenttype", "pk": 20, "fields": {"app_label": "partners", "model": "partner"}}, {"model": "events.galleryevent", "pk": 9, "fields": {"created_at": "2024-05-22T16:28:07.369Z", "updated_at": "2024-05-22T16:28:07.369Z", "file": "files_events/dubstep1.jpg", "event": 1}}, {"model": "events.galleryevent", "pk": 10, "fields": {"created_at": "2024-05-22T16:28:07.369Z", "updated_at": "2024-05-22T16:28:07.369Z", "file": "files_events/dubstep2.jpg", "event": 1}}, {"model": "events.galleryevent", "pk": 11, "fields": {"created_at": "2024-05-22T16:28:07.369Z", "updated_at": "2024-05-22T16:28:07.369Z", "file": "files_events/electro1.jpg", "event": 2}}, {"model": "events.galleryevent", "pk": 12, "fields": {"created_at": "2024-05-22T16:28:07.369Z", "updated_at": "2024-05-22T16:28:07.369Z", "file": "files_events/electro2.jpg", "event": 2}}, {"model": "events.galleryevent", "pk": 13, "fields": {"created_at": "2024-05-22T16:28:07.369Z", "updated_at": "2024-05-22T16:28:07.369Z", "file": "files_events/locking1.jpg", "event": 3}}, {"model": "events.galleryevent", "pk": 14, "fields": {"created_at": "2024-05-22T16:28:07.369Z", "updated_at": "2024-05-22T16:28:07.369Z", "file": "files_events/locking2.jpg", "event": 3}}, {"model": "events.galleryevent", "pk": 15, "fields": {"created_at": "2024-05-22T16:28:07.369Z", "updated_at": "2024-05-22T16:28:07.369Z", "file": "files_events/popping1.jpg", "event": 4}}, {"model": "events.galleryevent", "pk": 16, "fields": {"created_at": "2024-05-22T16:28:07.369Z", "updated_at": "2024-05-22T16:28:07.369Z", "file": "files_events/popping2.jpg", "event": 4}}, {"model": "events.galleryevent", "pk": 17, "fields": {"created_at": "2024-05-22T16:28:07.369Z", "updated_at": "2024-05-22T16:28:07.369Z", "file": "files_events/house1.jpg", "event": 5}}, {"model": "events.galleryevent", "pk": 18, "fields": {"created_at": "2024-05-22T16:28:07.369Z", "updated_at": "2024-05-22T16:28:07.369Z", "file": "files_events/house2.jpg", "event": 5}}, {"model": "events.galleryevent", "pk": 19, "fields": {"created_at": "2024-05-22T16:28:07.369Z", "updated_at": "2024-05-22T16:28:07.369Z", "file": "files_events/funk1.jpg", "event": 6}}, {"model": "events.galleryevent", "pk": 20, "fields": {"created_at": "2024-05-22T16:28:07.369Z", "updated_at": "2024-05-22T16:28:07.369Z", "file": "files_events/funk2.jpg", "event": 6}}, {"model": "events.discipline", "pk": 1, "fields": {"created_at": "2024-05-22T16:28:07.317Z", "updated_at": "2024-05-22T16:28:07.317Z", "name": "Танцы"}}, {"model": "events.discipline", "pk": 2, "fields": {"created_at": "2024-05-22T16:28:07.317Z", "updated_at": "2024-05-22T16:28:07.317Z", "name": "Музыка"}}, {"model": "events.discipline", "pk": 3, "fields": {"created_at": "2024-05-22T16:28:07.317Z", "updated_at": "2024-05-22T16:28:07.317Z", "name": "Спорт"}}, {"model": "events.discipline", "pk": 4, "fields": {"created_at": "2024-05-22T16:28:07.317Z", "updated_at": "2024-05-22T16:28:07.317Z", "name": "Искусство"}}, {"model": "events.subdiscipline", "pk": 1, "fields": {"created_at": "2024-05-22T16:28:07.320Z", "updated_at": "2024-05-22T16:28:07.320Z", "name": "Хип-хоп", "discipline": 1}}, {"model": "events.subdiscipline", "pk": 2, "fields": {"created_at": "2024-05-22T16:28:07.320Z", "updated_at": "2024-05-22T16:28:07.320Z", "name": "Брейкинг", "discipline": 1}}, {"model": "events.subdiscipline", "pk": 3, "fields": {"created_at": "2024-05-22T16:28:07.320Z", "updated_at": "2024-05-22T16:28:07.320Z", "name": "Топрок", "discipline": 1}}, {"model": "events.subdiscipline", "pk": 4, "fields": {"created_at": "2024-05-22T16:28:07.320Z", "updated_at": "2024-05-22T16:28:07.320Z", "name": "Даунрок", "discipline": 1}}, {"model": "events.subdiscipline", "pk": 5, "fields": {"created_at": "2024-05-22T16:28:07.320Z", "updated_at": "2024-05-22T16:28:07.320Z", "name": "Дабстеп", "discipline": 1}}, {"model": "events.subdiscipline", "pk": 6, "fields": {"created_at": "2024-05-22T16:28:07.320Z", "updated_at": "2024-05-22T16:28:07.320Z", "name": "Электро", "discipline": 1}}, {"model": "events.subdiscipline", "pk": 7, "fields": {"created_at": "2024-05-22T16:28:07.320Z", "updated_at": "2024-05-22T16:28:07.320Z", "name": "Локинг", "discipline": 1}}, {"model": "events.subdiscipline", "pk": 8, "fields": {"created_at": "2024-05-22T16:28:07.320Z", "updated_at": "2024-05-22T16:28:07.320Z", "name": "Поппинг", "discipline": 1}}, {"model": "events.subdiscipline", "pk": 9, "fields": {"created_at": "2024-05-22T16:28:07.320Z", "updated_at": "2024-05-22T16:28:07.320Z", "name": "Хаус", "discipline": 1}}, {"model": "events.subdiscipline", "pk": 10, "fields": {"created_at": "2024-05-22T16:28:07.320Z", "updated_at": "2024-05-22T16:28:07.320Z", "name": "Фанк", "discipline": 1}}, {"model": "events.subdiscipline", "pk": 11, "fields": {"created_at": "2024-05-22T16:28:07.320Z", "updated_at": "2024-05-22T16:28:07.320Z", "name": "Рэп", "discipline": 2}}, {"model": "events.subdiscipline", "pk": 12, "fields": {"created_at": "2024-05-22T16:28:07.320Z", "updated_at": "2024-05-22T16:28:07.320Z", "name": "Эмсиинг", "discipline": 2}}, {"model": "events.subdiscipline", "pk": 13, "fields": {"created_at": "2024-05-22T16:28:07.320Z", "updated_at": "2024-05-22T16:28:07.320Z", "name": "Диджеинг", "discipline": 2}}, {"model": "events.subdiscipline", "pk": 14, "fields": {"created_at": "2024-05-22T16:28:07.320Z", "updated_at": "2024-05-22T16:28:07.320Z", "name": "Скретчинг", "discipline": 2}}, {"model": "events.subdiscipline", "pk": 15, "fields": {"created_at": "2024-05-22T16:28:07.320Z", "updated_at": "2024-05-22T16:28:07.320Z", "name": "Сэмплирование", "discipline": 2}}, {"model": "events.subdiscipline", "pk": 16, "fields": {"created_at": "2024-05-22T16:28:07.320Z", "updated_at": "2024-05-22T16:28:07.320Z", "name": "Тёрнтеблизм", "discipline": 2}}, {"model": "events.subdiscipline", "pk": 17, "fields": {"created_at": "2024-05-22T16:28:07.320Z", "updated_at": "2024-05-22T16:28:07.320Z", "name": "Битмейкинг", "discipline": 2}}, {"model": "events.subdiscipline", "pk": 18, "fields": {"created_at": "2024-05-22T16:28:07.320Z", "updated_at": "2024-05-22T16:28:07.320Z", "name": "Битбокс", "discipline": 2}}, {"model": "events.subdiscipline", "pk": 19, "fields": {"created_at": "2024-05-22T16:28:07.320Z", "updated_at": "2024-05-22T16:28:07.320Z", "name": "Граффити", "discipline": 4}}, {"model": "events.subdiscipline", "pk": 20, "fields": {"created_at": "2024-05-22T16:28:07.320Z", "updated_at": "2024-05-22T16:28:07.320Z", "name": "Постеры", "discipline": 4}}, {"model": "events.subdiscipline", "pk": 21, "fields": {"created_at": "2024-05-22T16:28:07.320Z", "updated_at": "2024-05-22T16:28:07.320Z", "name": "Каллиграфия", "discipline": 4}}, {"model": "events.subdiscipline", "pk": 22, "fields": {"created_at": "2024-05-22T16:28:07.320Z", "updated_at": "2024-05-22T16:28:07.320Z", "name": "Тэггинг", "discipline": 4}}, {"model": "events.subdiscipline", "pk": 23, "fields": {"created_at": "2024-05-22T16:28:07.320Z", "updated_at": "2024-05-22T16:28:07.320Z", "name": "Павербомбинг", "discipline": 4}}, {"model": "events.subdiscipline", "pk": 24, "fields": {"created_at": "2024-05-22T16:28:07.320Z", "updated_at": "2024-05-22T16:28:07.320Z", "name": "Трафареты", "discipline": 4}}, {"model": "events.subdiscipline", "pk": 25, "fields": {"created_at": "2024-05-22T16:28:07.320Z", "updated_at": "2024-05-22T16:28:07.320Z", "name": "Скульптурные инсталляции", "discipline": 4}}, {"model": "events.subdiscipline", "pk": 26, "fields": {"created_at": "2024-05-22T16:28:07.320Z", "updated_at": "2024-05-22T16:28:07.320Z", "name": "Паркур", "discipline": 3}}, {"model": "events.subdiscipline", "pk": 27, "fields": {"created_at": "2024-05-22T16:28:07.320Z", "updated_at": "2024-05-22T16:28:07.320Z", "name": "Воркаут", "discipline": 3}}, {"model": "events.subdiscipline", "pk": 28, "fields": {"created_at": "2024-05-22T16:28:07.320Z", "updated_at": "2024-05-22T16:28:07.320Z", "name": "Фриран", "discipline": 3}}, {"model": "events.subdiscipline", "pk": 29, "fields": {"created_at": "2024-05-22T16:28:07.320Z", "updated_at": "2024-05-22T16:28:07.320Z", "name": "Трикинг", "discipline": 3}}, {"model": "events.subdiscipline", "pk": 30, "fields": {"created_at": "2024-05-22T16:28:07.320Z", "updated_at": "2024-05-22T16:28:07.320Z", "name": "Скейтбординг", "discipline": 3}}, {"model": "events.subdiscipline", "pk": 31, "fields": {"created_at": "2024-05-22T16:28:07.320Z", "updated_at": "2024-05-22T16:28:07.320Z", "name": "БМХ", "discipline": 3}}, {"model": "events.subdiscipline", "pk": 32, "fields": {"created_at": "2024-05-22T16:28:07.320Z", "updated_at": "2024-05-22T16:28:07.320Z", "name": "БМХ Флэт", "discipline": 3}}, {"model": "events.subdiscipline", "pk": 33, "fields": {"created_at": "2024-05-22T16:28:07.320Z", "updated_at": "2024-05-22T16:28:07.320Z", "name": "Скут", "discipline": 3}}, {"model": "events.subdiscipline", "pk": 34, "fields": {"created_at": "2024-05-22T16:28:07.320Z", "updated_at": "2024-05-22T16:28:07.320Z", "name": "Стритбол", "discipline": 3}}, {"model": "events.subdiscipline", "pk": 35, "fields": {"created_at": "2024-05-22T16:28:07.320Z", "updated_at": "2024-05-22T16:28:07.320Z", "name": "Лонгбординг", "discipline": 3}}, {"model": "events.subdiscipline", "pk": 36, "fields": {"created_at": "2024-05-22T16:28:07.320Z", "updated_at": "2024-05-22T16:28:07.320Z", "name": "Джимбар", "discipline": 3}}, {"model": "events.subdiscipline", "pk": 37, "fields": {"created_at": "2024-05-22T16:28:07.320Z", "updated_at": "2024-05-22T16:28:07.320Z", "name": "Дрифт", "discipline": 3}}, {"model": "events.subdiscipline", "pk": 38, "fields": {"created_at": "2024-05-22T16:28:07.320Z", "updated_at": "2024-05-22T16:28:07.320Z", "name": "Драг", "discipline": 3}}, {"model": "events.subdiscipline", "pk": 39, "fields": {"created_at": "2024-05-22T16:28:07.320Z", "updated_at": "2024-05-22T16:28:07.320Z", "name": "Стант", "discipline": 3}}, {"model": "events.subdiscipline", "pk": 40, "fields": {"created_at": "2024-05-22T16:28:07.320Z", "updated_at": "2024-05-22T16:28:07.320Z", "name": "Панна", "discipline": 3}}, {"model": "events.subdiscipline", "pk": 41, "fields": {"created_at": "2024-05-22T16:28:07.320Z", "updated_at": "2024-05-22T16:28:07.320Z", "name": "МТВ", "discipline": 3}}, {"model": "events.subdiscipline", "pk": 42, "fields": {"created_at": "2024-05-22T16:28:07.320Z", "updated_at": "2024-05-22T16:28:07.320Z", "name": "Агрессив Верт", "discipline": 3}}, {"model": "events.subdiscipline", "pk": 43, "fields": {"created_at": "2024-05-22T16:28:07.320Z", "updated_at": "2024-05-22T16:28:07.320Z", "name": "Агрессив Стрит", "discipline": 3}}, {"model": "events.subdiscipline", "pk": 44, "fields": {"created_at": "2024-05-22T16:28:07.320Z", "updated_at": "2024-05-22T16:28:07.320Z", "name": "Стритбординг", "discipline": 3}}, {"model": "events.subdiscipline", "pk": 45, "fields": {"created_at": "2024-05-22T16:28:07.320Z", "updated_at": "2024-05-22T16:28:07.320Z", "name": "Слэклайн", "discipline": 3}}, {"model": "events.subdiscipline", "pk": 46, "fields": {"created_at": "2024-05-22T16:28:07.320Z", "updated_at": "2024-05-22T16:28:07.320Z", "name": "Триклайн", "discipline": 3}}, {"model": "events.subdiscipline", "pk": 47, "fields": {"created_at": "2024-05-22T16:28:07.320Z", "updated_at": "2024-05-22T16:28:07.320Z", "name": "Хайлайн", "discipline": 3}}, {"model": "events.region", "pk": 1, "fields": {"created_at": "2024-05-22T16:28:07.331Z", "updated_at": "2024-05-22T16:28:07.331Z", "name": "Москва", "owner": 5, "code": "RU-MOW"}}, {"model": "events.region", "pk": 2, "fields": {"created_at": "2024-05-22T16:28:07.331Z", "updated_at": "2024-05-22T16:28:07.331Z", "name": "Санкт-Петербург", "owner": 6, "code": "RU-SPE"}}, {"model": "events.region", "pk": 3, "fields": {"created_at": "2024-05-22T16:28:07.331Z", "updated_at": "2024-05-22T16:28:07.331Z", "name": "Ненецкий АО", "owner": 5, "code": "RU-NEN"}}, {"model": "events.region", "pk": 4, "fields": {"created_at": "2024-05-22T16:28:07.331Z", "updated_at": "2024-05-22T16:28:07.331Z", "name": "Ярославская область", "owner": 6, "code": "RU-YAR"}}, {"model": "events.region", "pk": 5, "fields": {"created_at": "2024-05-22T16:28:07.331Z", "updated_at": "2024-05-22T16:28:07.331Z", "name": "Челябинская область", "owner": 5, "code": "RU-CHE"}}, {"model": "events.region", "pk": 6, "fields": {"created_at": "2024-05-22T16:28:07.331Z", "updated_at": "2024-05-22T16:28:07.331Z", "name": "Ульяновская область", "owner": 6, "code": "RU-ULY"}}, {"model": "events.region", "pk": 7, "fields": {"created_at": "2024-05-22T16:28:07.331Z", "updated_at": "2024-05-22T16:28:07.331Z", "name": "Тюменская область", "owner": 5, "code": "RU-TYU"}}, {"model": "events.region", "pk": 8, "fields": {"created_at": "2024-05-22T16:28:07.331Z", "updated_at": "2024-05-22T16:28:07.331Z", "name": "Тульская область", "owner": 6, "code": "RU-TUL"}}, {"model": "events.region", "pk": 9, "fields": {"created_at": "2024-05-22T16:28:07.331Z", "updated_at": "2024-05-22T16:28:07.331Z", "name": "Свердловская область", "owner": 5, "code": "RU-SVE"}}, {"model": "events.region", "pk": 10, "fields": {"created_at": "2024-05-22T16:28:07.331Z", "updated_at": "2024-05-22T16:28:07.331Z", "name": "Рязанская область", "owner": 6, "code": "RU-RYA"}}, {"model": "events.region", "pk": 11, "fields": {"created_at": "2024-05-22T16:28:07.331Z", "updated_at": "2024-05-22T16:28:07.331Z", "name": "Орловская область", "owner": 5, "code": "RU-ORL"}}, {"model": "events.region", "pk": 12, "fields": {"created_at": "2024-05-22T16:28:07.331Z", "updated_at": "2024-05-22T16:28:07.331Z", "name": "Омская область", "owner": 6, "code": "RU-OMS"}}, {"model": "events.region", "pk": 13, "fields": {"created_at": "2024-05-22T16:28:07.331Z", "updated_at": "2024-05-22T16:28:07.331Z", "name": "Новгородская область", "owner": 5, "code": "RU-NGR"}}, {"model": "events.region", "pk": 14, "fields": {"created_at": "2024-05-22T16:28:07.331Z", "updated_at": "2024-05-22T16:28:07.331Z", "name": "Липецкая область", "owner": 6, "code": "RU-LIP"}}, {"model": "events.region", "pk": 15, "fields": {"created_at": "2024-05-22T16:28:07.331Z", "updated_at": "2024-05-22T16:28:07.331Z", "name": "Курская область", "owner": 5, "code": "RU-KRS"}}, {"model": "events.region", "pk": 16, "fields": {"created_at": "2024-05-22T16:28:07.331Z", "updated_at": "2024-05-22T16:28:07.331Z", "name": "Курганская область", "owner": 6, "code": "RU-KGN"}}, {"model": "events.region", "pk": 17, "fields": {"created_at": "2024-05-22T16:28:07.331Z", "updated_at": "2024-05-22T16:28:07.331Z", "name": "Калининградская область", "owner": 5, "code": "RU-KGD"}}, {"model": "events.region", "pk": 18, "fields": {"created_at": "2024-05-22T16:28:07.331Z", "updated_at": "2024-05-22T16:28:07.331Z", "name": "Ивановская область", "owner": 6, "code": "RU-IVA"}}, {"model": "events.region", "pk": 19, "fields": {"created_at": "2024-05-22T16:28:07.331Z", "updated_at": "2024-05-22T16:28:07.331Z", "name": "Брянская область", "owner": 5, "code": "RU-BRY"}}, {"model": "events.region", "pk": 20, "fields": {"created_at": "2024-05-22T16:28:07.331Z", "updated_at": "2024-05-22T16:28:07.331Z", "name": "Астраханская область", "owner": 6, "code": "RU-AST"}}, {"model": "events.region", "pk": 21, "fields": {"created_at": "2024-05-22T16:28:07.331Z", "updated_at": "2024-05-22T16:28:07.331Z", "name": "Хабаровский край", "owner": 5, "code": "RU-KHA"}}, {"model": "events.region", "pk": 22, "fields": {"created_at": "2024-05-22T16:28:07.331Z", "updated_at": "2024-05-22T16:28:07.331Z", "name": "Чеченская Республика", "owner": 6, "code": "RU-CE"}}, {"model": "events.region", "pk": 23, "fields": {"created_at": "2024-05-22T16:28:07.331Z", "updated_at": "2024-05-22T16:28:07.331Z", "name": "Удмуртская Республика", "owner": 5, "code": "RU-UD"}}, {"model": "events.region", "pk": 24, "fields": {"created_at": "2024-05-22T16:28:07.331Z", "updated_at": "2024-05-22T16:28:07.331Z", "name": "Республика Северная Осетия — Алания", "owner": 6, "code": "RU-SE"}}, {"model": "events.region", "pk": 25, "fields": {"created_at": "2024-05-22T16:28:07.331Z", "updated_at": "2024-05-22T16:28:07.331Z", "name": "Республика Мордовия", "owner": 5, "code": "RU-MO"}}, {"model": "events.region", "pk": 26, "fields": {"created_at": "2024-05-22T16:28:07.331Z", "updated_at": "2024-05-22T16:28:07.331Z", "name": "Республика Карелия", "owner": 6, "code": "RU-KR"}}, {"model": "events.region", "pk": 27, "fields": {"created_at": "2024-05-22T16:28:07.331Z", "updated_at": "2024-05-22T16:28:07.331Z", "name": "Республика Калмыкия", "owner": 5, "code": "RU-KL"}}, {"model": "events.region", "pk": 28, "fields": {"created_at": "2024-05-22T16:28:07.331Z", "updated_at": "2024-05-22T16:28:07.331Z", "name": "Республика Ингушетия", "owner": 6, "code": "RU-IN"}}, {"model": "events.region", "pk": 29, "fields": {"created_at": "2024-05-22T16:28:07.331Z", "updated_at": "2024-05-22T16:28:07.331Z", "name": "Республика Алтай", "owner": 5, "code": "RU-AL"}}, {"model": "events.region", "pk": 30, "fields": {"created_at": "2024-05-22T16:28:07.331Z", "updated_at": "2024-05-22T16:28:07.331Z", "name": "Республика Башкортостан", "owner": 6, "code": "RU-BA"}}, {"model": "events.region", "pk": 31, "fields": {"created_at": "2024-05-22T16:28:07.331Z", "updated_at": "2024-05-22T16:28:07.331Z", "name": "Республика Адыгея", "owner": 5, "code": "RU-AD"}}, {"model": "events.region", "pk": 32, "fields": {"created_at": "2024-05-22T16:28:07.331Z", "updated_at": "2024-05-22T16:28:07.331Z", "name": "Республика Крым", "owner": 6, "code": "RU-CR"}}, {"model": "events.region", "pk": 33, "fields": {"created_at": "2024-05-22T16:28:07.331Z", "updated_at": "2024-05-22T16:28:07.331Z", "name": "Севастополь", "owner": 5, "code": "RU-SEV"}}, {"model": "events.region", "pk": 34, "fields": {"created_at": "2024-05-22T16:28:07.331Z", "updated_at": "2024-05-22T16:28:07.331Z", "name": "Республика Коми", "owner": 6, "code": "RU-KO"}}, {"model": "events.region", "pk": 35, "fields": {"created_at": "2024-05-22T16:28:07.331Z", "updated_at": "2024-05-22T16:28:07.331Z", "name": "Кировская область", "owner": 5, "code": "RU-KIR"}}, {"model": "events.region", "pk": 36, "fields": {"created_at": "2024-05-22T16:28:07.331Z", "updated_at": "2024-05-22T16:28:07.331Z", "name": "Камчатский край", "owner": 6, "code": "RU-KAM"}}, {"model": "events.region", "pk": 37, "fields": {"created_at": "2024-05-22T16:28:07.331Z", "updated_at": "2024-05-22T16:28:07.331Z", "name": "Еврейская АО", "owner": 5, "code": "RU-JEW"}}, {"model": "events.region", "pk": 38, "fields": {"created_at": "2024-05-22T16:28:07.331Z", "updated_at": "2024-05-22T16:28:07.331Z", "name": "Чукотский АО", "owner": 6, "code": "RU-CHU"}}, {"model": "events.region", "pk": 39, "fields": {"created_at": "2024-05-22T16:28:07.331Z", "updated_at": "2024-05-22T16:28:07.331Z", "name": "Забайкальский край", "owner": 5, "code": "RU-ZAB"}}, {"model": "events.region", "pk": 40, "fields": {"created_at": "2024-05-22T16:28:07.331Z", "updated_at": "2024-05-22T16:28:07.331Z", "name": "Бурятия", "owner": 6, "code": "RU-BU"}}, {"model": "events.region", "pk": 41, "fields": {"created_at": "2024-05-22T16:28:07.331Z", "updated_at": "2024-05-22T16:28:07.331Z", "name": "Тыва", "owner": 5, "code": "RU-TY"}}, {"model": "events.region", "pk": 42, "fields": {"created_at": "2024-05-22T16:28:07.331Z", "updated_at": "2024-05-22T16:28:07.331Z", "name": "Иркутская область", "owner": 6, "code": "RU-IRK"}}, {"model": "events.region", "pk": 43, "fields": {"created_at": "2024-05-22T16:28:07.331Z", "updated_at": "2024-05-22T16:28:07.331Z", "name": "Амурская область", "owner": 5, "code": "RU-AMU"}}, {"model": "events.region", "pk": 44, "fields": {"created_at": "2024-05-22T16:28:07.331Z", "updated_at": "2024-05-22T16:28:07.331Z", "name": "Томская область", "owner": 6, "code": "RU-TOM"}}, {"model": "events.region", "pk": 45, "fields": {"created_at": "2024-05-22T16:28:07.331Z", "updated_at": "2024-05-22T16:28:07.331Z", "name": "Новосибирская область", "owner": 5, "code": "RU-NVS"}}, {"model": "events.region", "pk": 46, "fields": {"created_at": "2024-05-22T16:28:07.331Z", "updated_at": "2024-05-22T16:28:07.331Z", "name": "Красноярский край", "owner": 6, "code": "RU-KYA"}}, {"model": "events.region", "pk": 47, "fields": {"created_at": "2024-05-22T16:28:07.331Z", "updated_at": "2024-05-22T16:28:07.331Z", "name": "Хакасия", "owner": 5, "code": "RU-KK"}}, {"model": "events.region", "pk": 48, "fields": {"created_at": "2024-05-22T16:28:07.331Z", "updated_at": "2024-05-22T16:28:07.331Z", "name": "Кемеровская область", "owner": 6, "code": "RU-KEM"}}, {"model": "events.region", "pk": 49, "fields": {"created_at": "2024-05-22T16:28:07.331Z", "updated_at": "2024-05-22T16:28:07.331Z", "name": "Алтайский край", "owner": 5, "code": "RU-ALTAI"}}, {"model": "events.region", "pk": 50, "fields": {"created_at": "2024-05-22T16:28:07.331Z", "updated_at": "2024-05-22T16:28:07.331Z", "name": "Сахалинская область", "owner": 6, "code": "RU-SAK"}}, {"model": "events.region", "pk": 51, "fields": {"created_at": "2024-05-22T16:28:07.331Z", "updated_at": "2024-05-22T16:28:07.331Z", "name": "Приморский край", "owner": 5, "code": "RU-PRI"}}, {"model": "events.region", "pk": 52, "fields": {"created_at": "2024-05-22T16:28:07.331Z", "updated_at": "2024-05-22T16:28:07.331Z", "name": "Магаданская область", "owner": 6, "code": "RU-MAG"}}, {"model": "events.typeevent", "pk": 1, "fields": {"created_at": "2024-05-22T16:28:07.350Z", "updated_at": "2024-05-22T16:28:07.350Z", "name": "Соревнование"}}, {"model": "events.typeevent", "pk": 2, "fields": {"created_at": "2024-05-22T16:28:07.350Z", "updated_at": "2024-05-22T16:28:07.350Z", "name": "Фестиваль"}}, {"model": "events.typeevent", "pk": 3, "fields": {"created_at": "2024-05-22T16:28:07.350Z", "updated_at": "2024-05-22T16:28:07.350Z", "name": "Мастер-класс"}}, {"model": "events.typeevent", "pk": 4, "fields": {"created_at": "2024-05-22T16:28:07.350Z", "updated_at": "2024-05-22T16:28:07.350Z", "name": "Выставка"}}, {"model": "events.typeevent", "pk": 5, "fields": {"created_at": "2024-05-22T16:28:07.350Z", "updated_at": "2024-05-22T16:28:07.350Z", "name": "Встреча"}}, {"model": "events.city", "pk": 1, "fields": {"created_at": "2024-05-22T16:28:07.340Z", "updated_at": "2024-05-22T16:28:07.340Z", "name": "Архангельск", "region": 1}}, {"model": "events.city", "pk": 2, "fields": {"created_at": "2024-05-22T16:28:07.340Z", "updated_at": "2024-05-22T16:28:07.340Z", "name": "Астрахань", "region": 2}}, {"model": "events.city", "pk": 3, "fields": {"created_at": "2024-05-22T16:28:07.340Z", "updated_at": "2024-05-22T16:28:07.340Z", "name": "Барнаул", "region": 11}}, {"model": "events.city", "pk": 4, "fields": {"created_at": "2024-05-22T16:28:07.340Z", "updated_at": "2024-05-22T16:28:07.340Z", "name": "Белгород", "region": 12}}, {"model": "events.city", "pk": 5, "fields": {"created_at": "2024-05-22T16:28:07.340Z", "updated_at": "2024-05-22T16:28:07.340Z", "name": "Брянск", "region": 19}}, {"model": "events.city", "pk": 6, "fields": {"created_at": "2024-05-22T16:28:07.340Z", "updated_at": "2024-05-22T16:28:07.340Z", "name": "Великий Новгород", "region": 13}}, {"model": "events.city", "pk": 7, "fields": {"created_at": "2024-05-22T16:28:07.340Z", "updated_at": "2024-05-22T16:28:07.340Z", "name": "Владимир", "region": 14}}, {"model": "events.city", "pk": 8, "fields": {"created_at": "2024-05-22T16:28:07.340Z", "updated_at": "2024-05-22T16:28:07.340Z", "name": "Волгоград", "region": 15}}, {"model": "events.city", "pk": 9, "fields": {"created_at": "2024-05-22T16:28:07.340Z", "updated_at": "2024-05-22T16:28:07.340Z", "name": "Воронеж", "region": 16}}, {"model": "events.city", "pk": 10, "fields": {"created_at": "2024-05-22T16:28:07.340Z", "updated_at": "2024-05-22T16:28:07.340Z", "name": "Екатеринбург", "region": 9}}, {"model": "events.city", "pk": 11, "fields": {"created_at": "2024-05-22T16:28:07.340Z", "updated_at": "2024-05-22T16:28:07.340Z", "name": "Иваново", "region": 18}}, {"model": "events.city", "pk": 12, "fields": {"created_at": "2024-05-22T16:28:07.340Z", "updated_at": "2024-05-22T16:28:07.340Z", "name": "Ижевск", "region": 22}}, {"model": "events.city", "pk": 13, "fields": {"created_at": "2024-05-22T16:28:07.340Z", "updated_at": "2024-05-22T16:28:07.340Z", "name": "Иркутск", "region": 48}}, {"model": "events.city", "pk": 14, "fields": {"created_at": "2024-05-22T16:28:07.340Z", "updated_at": "2024-05-22T16:28:07.340Z", "name": "Йошкар-Ола", "region": 27}}, {"model": "events.city", "pk": 15, "fields": {"created_at": "2024-05-22T16:28:07.340Z", "updated_at": "2024-05-22T16:28:07.340Z", "name": "Казань", "region": 28}}, {"model": "events.city", "pk": 16, "fields": {"created_at": "2024-05-22T16:28:07.340Z", "updated_at": "2024-05-22T16:28:07.340Z", "name": "Калининград", "region": 17}}, {"model": "events.city", "pk": 17, "fields": {"created_at": "2024-05-22T16:28:07.340Z", "updated_at": "2024-05-22T16:28:07.340Z", "name": "Кострома", "region": 29}}, {"model": "events.city", "pk": 18, "fields": {"created_at": "2024-05-22T16:28:07.340Z", "updated_at": "2024-05-22T16:28:07.340Z", "name": "Краснодар", "region": 30}}, {"model": "events.city", "pk": 19, "fields": {"created_at": "2024-05-22T16:28:07.340Z", "updated_at": "2024-05-22T16:28:07.340Z", "name": "Красноярск", "region": 51}}, {"model": "events.city", "pk": 20, "fields": {"created_at": "2024-05-22T16:28:07.340Z", "updated_at": "2024-05-22T16:28:07.340Z", "name": "Курск", "region": 15}}, {"model": "events.city", "pk": 21, "fields": {"created_at": "2024-05-22T16:28:07.340Z", "updated_at": "2024-05-22T16:28:07.340Z", "name": "Липецк", "region": 14}}, {"model": "events.city", "pk": 22, "fields": {"created_at": "2024-05-22T16:28:07.340Z", "updated_at": "2024-05-22T16:28:07.340Z", "name": "Москва", "region": 1}}, {"model": "events.city", "pk": 23, "fields": {"created_at": "2024-05-22T16:28:07.340Z", "updated_at": "2024-05-22T16:28:07.340Z", "name": "Мурманск", "region": 30}}, {"model": "events.city", "pk": 24, "fields": {"created_at": "2024-05-22T16:28:07.340Z", "updated_at": "2024-05-22T16:28:07.340Z", "name": "Набережные Челны", "region": 28}}, {"model": "events.city", "pk": 25, "fields": {"created_at": "2024-05-22T16:28:07.340Z", "updated_at": "2024-05-22T16:28:07.340Z", "name": "Нижний Новгород", "region": 31}}, {"model": "events.city", "pk": 26, "fields": {"created_at": "2024-05-22T16:28:07.340Z", "updated_at": "2024-05-22T16:28:07.340Z", "name": "Новосибирск", "region": 52}}, {"model": "events.city", "pk": 27, "fields": {"created_at": "2024-05-22T16:28:07.340Z", "updated_at": "2024-05-22T16:28:07.340Z", "name": "Омск", "region": 12}}, {"model": "events.city", "pk": 28, "fields": {"created_at": "2024-05-22T16:28:07.340Z", "updated_at": "2024-05-22T16:28:07.340Z", "name": "Оренбург", "region": 32}}, {"model": "events.city", "pk": 29, "fields": {"created_at": "2024-05-22T16:28:07.340Z", "updated_at": "2024-05-22T16:28:07.340Z", "name": "Пенза", "region": 33}}, {"model": "events.city", "pk": 30, "fields": {"created_at": "2024-05-22T16:28:07.340Z", "updated_at": "2024-05-22T16:28:07.340Z", "name": "Пермь", "region": 34}}, {"model": "events.city", "pk": 31, "fields": {"created_at": "2024-05-22T16:28:07.340Z", "updated_at": "2024-05-22T16:28:07.340Z", "name": "Псков", "region": 35}}, {"model": "events.city", "pk": 32, "fields": {"created_at": "2024-05-22T16:28:07.340Z", "updated_at": "2024-05-22T16:28:07.340Z", "name": "Пятигорск", "region": 36}}, {"model": "events.city", "pk": 33, "fields": {"created_at": "2024-05-22T16:28:07.340Z", "updated_at": "2024-05-22T16:28:07.340Z", "name": "Ростов-на-Дону", "region": 37}}, {"model": "events.city", "pk": 34, "fields": {"created_at": "2024-05-22T16:28:07.340Z", "updated_at": "2024-05-22T16:28:07.340Z", "name": "Рязань", "region": 10}}, {"model": "events.city", "pk": 35, "fields": {"created_at": "2024-05-22T16:28:07.340Z", "updated_at": "2024-05-22T16:28:07.340Z", "name": "Самара", "region": 38}}, {"model": "events.city", "pk": 36, "fields": {"created_at": "2024-05-22T16:28:07.340Z", "updated_at": "2024-05-22T16:28:07.340Z", "name": "Санкт-Петербург", "region": 2}}, {"model": "events.city", "pk": 37, "fields": {"created_at": "2024-05-22T16:28:07.340Z", "updated_at": "2024-05-22T16:28:07.340Z", "name": "Саратов", "region": 39}}, {"model": "events.city", "pk": 38, "fields": {"created_at": "2024-05-22T16:28:07.340Z", "updated_at": "2024-05-22T16:28:07.340Z", "name": "Смоленск", "region": 40}}, {"model": "events.city", "pk": 39, "fields": {"created_at": "2024-05-22T16:28:07.340Z", "updated_at": "2024-05-22T16:28:07.340Z", "name": "Сочи", "region": 30}}, {"model": "events.city", "pk": 40, "fields": {"created_at": "2024-05-22T16:28:07.340Z", "updated_at": "2024-05-22T16:28:07.340Z", "name": "Ставрополь", "region": 41}}, {"model": "events.city", "pk": 41, "fields": {"created_at": "2024-05-22T16:28:07.340Z", "updated_at": "2024-05-22T16:28:07.340Z", "name": "Тверь", "region": 42}}, {"model": "events.city", "pk": 42, "fields": {"created_at": "2024-05-22T16:28:07.340Z", "updated_at": "2024-05-22T16:28:07.340Z", "name": "Тольятти", "region": 38}}, {"model": "events.city", "pk": 43, "fields": {"created_at": "2024-05-22T16:28:07.340Z", "updated_at": "2024-05-22T16:28:07.340Z", "name": "Тула", "region": 8}}, {"model": "events.city", "pk": 44, "fields": {"created_at": "2024-05-22T16:28:07.340Z", "updated_at": "2024-05-22T16:28:07.340Z", "name": "Ульяновск", "region": 6}}, {"model": "events.city", "pk": 45, "fields": {"created_at": "2024-05-22T16:28:07.340Z", "updated_at": "2024-05-22T16:28:07.340Z", "name": "Уфа", "region": 28}}, {"model": "events.city", "pk": 46, "fields": {"created_at": "2024-05-22T16:28:07.340Z", "updated_at": "2024-05-22T16:28:07.340Z", "name": "Хабаровск", "region": 21}}, {"model": "events.city", "pk": 47, "fields": {"created_at": "2024-05-22T16:28:07.340Z", "updated_at": "2024-05-22T16:28:07.340Z", "name": "Чебоксары", "region": 43}}, {"model": "events.city", "pk": 48, "fields": {"created_at": "2024-05-22T16:28:07.340Z", "updated_at": "2024-05-22T16:28:07.340Z", "name": "Челябинск", "region": 5}}, {"model": "events.city", "pk": 49, "fields": {"created_at": "2024-05-22T16:28:07.340Z", "updated_at": "2024-05-22T16:28:07.340Z", "name": "Ярославль", "region": 4}}, {"model": "events.location", "pk": 1, "fields": {"created_at": "2024-05-22T16:28:07.352Z", "updated_at": "2024-05-22T16:28:07.352Z", "name": "Скейт-парк Центрального парка", "region": 1, "city": 1, "type_of_area": "OPEN", "address": "123 Парк-авеню"}}, {"model": "events.location", "pk": 2, "fields": {"created_at": "2024-05-22T16:28:07.352Z", "updated_at": "2024-05-22T16:28:07.352Z", "name": "Скейт-парк Венис Бич", "region": 2, "city": 2, "type_of_area": "OPEN", "address": "456 Пляжная дорога"}}, {"model": "events.location", "pk": 3, "fields": {"created_at": "2024-05-22T16:28:07.352Z", "updated_at": "2024-05-22T16:28:07.352Z", "name": "Милленниум-парк", "region": 3, "city": 3, "type_of_area": "CLOSE", "address": "789 Улица Парка"}}, {"model": "events.location", "pk": 4, "fields": {"created_at": "2024-05-22T16:28:07.352Z", "updated_at": "2024-05-22T16:28:07.352Z", "name": "Дискавери Грин", "region": 4, "city": 4, "type_of_area": "OPEN", "address": "101 Бульвар Грина"}}, {"model": "events.location", "pk": 5, "fields": {"created_at": "2024-05-22T16:28:07.352Z", "updated_at": "2024-05-22T16:28:07.352Z", "name": "Парк Энканто", "region": 5, "city": 5, "type_of_area": "OPEN", "address": "202 Парковая аллея"}}, {"model": "events.event", "pk": 1, "fields": {"created_at": "2024-05-22T16:28:07.360Z", "updated_at": "2024-05-22T16:28:07.360Z", "title": "Фестиваль дабстепа", "description": "Фестиваль для любителей дабстепа.", "start_datetime": "2024-06-25T12:00:00Z", "end_datetime": "2024-06-25T20:00:00Z", "discipline": 1, "sub_discipline": 5, "type_of_event": 2, "location": 1, "is_moderation": true, "organizers_contact": {"email": "dubstepfest@festival.com", "phone": "123-456-7891"}, "author": 1, "count_entrant": 200}}, {"model": "events.event", "pk": 2, "fields": {"created_at": "2024-05-22T16:28:07.360Z", "updated_at": "2024-05-22T16:28:07.360Z", "title": "Электро Баттл", "description": "Соревнование по электро танцам.", "start_datetime": "2024-07-18T14:00:00Z", "end_datetime": "2024-07-18T18:00:00Z", "discipline": 1, "sub_discipline": 6, "type_of_event": 1, "location": 2, "is_moderation": true, "organizers_contact": {"email": "electrobattle@event.com", "phone": "234-567-8902"}, "author": 2, "count_entrant": 150}}, {"model": "events.event", "pk": 3, "fields": {"created_at": "2024-05-22T16:28:07.360Z", "updated_at": "2024-05-22T16:28:07.360Z", "title": "Фестиваль локинга", "description": "Фестиваль для любителей локинга.", "start_datetime": "2024-08-12T16:00:00Z", "end_datetime": "2024-08-12T22:00:00Z", "discipline": 1, "sub_discipline": 7, "type_of_event": 2, "location": 3, "is_moderation": true, "organizers_contact": {"email": "lockingfest@festival.com", "phone": "345-678-9013"}, "author": 1, "count_entrant": 300}}, {"model": "events.event", "pk": 4, "fields": {"created_at": "2024-05-22T16:28:07.360Z", "updated_at": "2024-05-22T16:28:07.360Z", "title": "Поппинг Шоу", "description": "Шоу с участием лучших танцоров поппинга.", "start_datetime": "2024-09-10T10:00:00Z", "end_datetime": "2024-09-10T18:00:00Z", "discipline": 1, "sub_discipline": 8, "type_of_event": 2, "location": 4, "is_moderation": true, "organizers_contact": {"email": "poppingshow@event.com", "phone": "456-789-0124"}, "author": 3, "count_entrant": 100}}, {"model": "events.event", "pk": 5, "fields": {"created_at": "2024-05-22T16:28:07.360Z", "updated_at": "2024-05-22T16:28:07.360Z", "title": "Хаус Баттл", "description": "Соревнование по хаус танцам.", "start_datetime": "2024-10-15T10:00:00Z", "end_datetime": "2024-10-15T18:00:00Z", "discipline": 1, "sub_discipline": 9, "type_of_event": 1, "location": 5, "is_moderation": true, "organizers_contact": {"email": "housebattle@event.com", "phone": "567-890-1235"}, "author": 1, "count_entrant": 50}}, {"model": "events.event", "pk": 6, "fields": {"created_at": "2024-05-22T16:28:07.360Z", "updated_at": "2024-05-22T16:28:07.360Z", "title": "Фанк Фестиваль", "description": "Фестиваль для любителей фанк музыки.", "start_datetime": "2024-11-20T12:00:00Z", "end_datetime": "2024-11-20T20:00:00Z", "discipline": 1, "sub_discipline": 10, "type_of_event": 2, "location": 5, "is_moderation": true, "organizers_contact": {"email": "funkfest@festival.com", "phone": "678-901-2346"}, "author": 2, "count_entrant": 200}}, {"model": "events.event", "pk": 7, "fields": {"created_at": "2024-05-22T16:28:07.360Z", "updated_at": "2024-05-22T16:28:07.360Z", "title": "Рэп Баттл", "description": "Соревнование рэперов.", "start_datetime": "2024-12-25T14:00:00Z", "end_datetime": "2024-12-25T18:00:00Z", "discipline": 2, "sub_discipline": 11, "type_of_event": 1, "location": 1, "is_moderation": true, "organizers_contact": {"email": "rapbattle@event.com", "phone": "789-012-3457"}, "author": 2, "count_entrant": 150}}, {"model": "events.event", "pk": 8, "fields": {"created_at": "2024-05-22T16:28:07.360Z", "updated_at": "2024-05-22T16:28:07.360Z", "title": "Эмсиинг Фестиваль", "description": "Фестиваль для любителей эмсиинга.", "start_datetime": "2024-01-18T16:00:00Z", "end_datetime": "2024-01-18T22:00:00Z", "discipline": 2, "sub_discipline": 12, "type_of_event": 2, "location": 2, "is_moderation": true, "organizers_contact": {"email": "emceefest@festival.com", "phone": "890-123-4568"}, "author": 1, "count_entrant": 300}}, {"model": "events.event", "pk": 9, "fields": {"created_at": "2024-05-22T16:28:07.360Z", "updated_at": "2024-05-22T16:28:07.360Z", "title": "Диджеинг Шоу", "description": "Шоу с участием лучших диджеев.", "start_datetime": "2024-02-15T10:00:00Z", "end_datetime": "2024-02-15T18:00:00Z", "discipline": 2, "sub_discipline": 13, "type_of_event": 2, "location": 3, "is_moderation": true, "organizers_contact": {"email": "djinshow@event.com", "phone": "901-234-5679"}, "author": 2, "count_entrant": 100}}, {"model": "events.event", "pk": 10, "fields": {"created_at": "2024-05-22T16:28:07.360Z", "updated_at": "2024-05-22T16:28:07.360Z", "title": "Скретчинг Баттл", "description": "Соревнование по скретчингу.", "start_datetime": "2024-03-20T10:00:00Z", "end_datetime": "2024-03-20T18:00:00Z", "discipline": 2, "sub_discipline": 14, "type_of_event": 1, "location": 4, "is_moderation": true, "organizers_contact": {"email": "scratchbattle@event.com", "phone": "012-345-6780"}, "author": 1, "count_entrant": 50}}, {"model": "events.event", "pk": 11, "fields": {"created_at": "2024-05-22T16:28:07.360Z", "updated_at": "2024-05-22T16:28:07.360Z", "title": "Сэмплирование Фестиваль", "description": "Фестиваль для любителей сэмплирования.", "start_datetime": "2024-04-25T12:00:00Z", "end_datetime": "2024-04-25T20:00:00Z", "discipline": 2, "sub_discipline": 15, "type_of_event": 4, "location": 5, "is_moderation": true, "organizers_contact": {"email": "samplingfest@festival.com", "phone": "123-456-7892"}, "author": 2, "count_entrant": 200}}, {"model": "events.event", "pk": 12, "fields": {"created_at": "2024-05-22T16:28:07.360Z", "updated_at": "2024-05-22T16:28:07.360Z", "title": "Тёрнтеблизм Шоу", "description": "Шоу с участием лучших тёрнтеблистов.", "start_datetime": "2024-05-18T14:00:00Z", "end_datetime": "2024-05-18T18:00:00Z", "discipline": 2, "sub_discipline": 16, "type_of_event": 2, "location": 1, "is_moderation": true, "organizers_contact": {"email": "turntablismshow@event.com", "phone": "234-567-8903"}, "author": 1, "count_entrant": 150}}, {"model": "events.event", "pk": 13, "fields": {"created_at": "2024-05-22T16:28:07.360Z", "updated_at": "2024-05-22T16:28:07.360Z", "title": "Битмейкинг Фестиваль", "description": "Фестиваль для любителей битмейкинга.", "start_datetime": "2024-06-12T16:00:00Z", "end_datetime": "2024-06-12T22:00:00Z", "discipline": 2, "sub_discipline": 17, "type_of_event": 5, "location": 2, "is_moderation": true, "organizers_contact": {"email": "beatmakingfest@festival.com", "phone": "345-678-9014"}, "author": 3, "count_entrant": 300}}, {"model": "events.event", "pk": 14, "fields": {"created_at": "2024-05-22T16:28:07.360Z", "updated_at": "2024-05-22T16:28:07.360Z", "title": "Битбокс Шоу", "description": "Шоу с участием лучших битбоксеров.", "start_datetime": "2024-07-10T10:00:00Z", "end_datetime": "2024-07-10T18:00:00Z", "discipline": 2, "sub_discipline": 18, "type_of_event": 2, "location": 3, "is_moderation": true, "organizers_contact": {"email": "beatboxshow@event.com", "phone": "456-789-0125"}, "author": 1, "count_entrant": 100}}, {"model": "events.event", "pk": 15, "fields": {"created_at": "2024-05-22T16:28:07.360Z", "updated_at": "2024-05-22T16:28:07.360Z", "title": "Граффити Баттл", "description": "Соревнование по граффити.", "start_datetime": "2024-08-15T10:00:00Z", "end_datetime": "2024-08-15T18:00:00Z", "discipline": 3, "sub_discipline": 19, "type_of_event": 1, "location": 4, "is_moderation": true, "organizers_contact": {"email": "graffitibattle@event.com", "phone": "567-890-1236"}, "author": 2, "count_entrant": 50}}, {"model": "events.event", "pk": 16, "fields": {"created_at": "2024-05-22T16:28:07.360Z", "updated_at": "2024-05-22T16:28:07.360Z", "title": "Каллиграфия Фестиваль", "description": "Фестиваль для любителей каллиграфии.", "start_datetime": "2024-09-18T12:00:00Z", "end_datetime": "2024-09-18T20:00:00Z", "discipline": 3, "sub_discipline": 20, "type_of_event": 2, "location": 5, "is_moderation": true, "organizers_contact": {"email": "calligraphyfest@festival.com", "phone": "678-901-2347"}, "author": 3, "count_entrant": 200}}, {"model": "events.event", "pk": 17, "fields": {"created_at": "2024-05-22T16:28:07.360Z", "updated_at": "2024-05-22T16:28:07.360Z", "title": "Тэггинг Шоу", "description": "Шоу с участием лучших тэггеров.", "start_datetime": "2024-10-20T14:00:00Z", "end_datetime": "2024-10-20T18:00:00Z", "discipline": 3, "sub_discipline": 21, "type_of_event": 2, "location": 1, "is_moderation": true, "organizers_contact": {"email": "taggingshow@event.com", "phone": "789-012-3458"}, "author": 2, "count_entrant": 150}}, {"model": "events.event", "pk": 18, "fields": {"created_at": "2024-05-22T16:28:07.360Z", "updated_at": "2024-05-22T16:28:07.360Z", "title": "Трафареты Баттл", "description": "Соревнование по трафаретному искусству.", "start_datetime": "2024-11-25T10:00:00Z", "end_datetime": "2024-11-25T18:00:00Z", "discipline": 3, "sub_discipline": 22, "type_of_event": 1, "location": 2, "is_moderation": true, "organizers_contact": {"email": "stencilbattle@event.com", "phone": "890-123-4569"}, "author": 3, "count_entrant": 50}}, {"model": "events.event", "pk": 19, "fields": {"created_at": "2024-05-22T16:28:07.360Z", "updated_at": "2024-05-22T16:28:07.360Z", "title": "Инсталляции Фестиваль", "description": "Фестиваль скульптурных инсталляций.", "start_datetime": "2024-12-18T12:00:00Z", "end_datetime": "2024-12-18T20:00:00Z", "discipline": 3, "sub_discipline": 23, "type_of_event": 2, "location": 3, "is_moderation": true, "organizers_contact": {"email": "installationsfest@festival.com", "phone": "901-234-5670"}, "author": 2, "count_entrant": 200}}, {"model": "user.useraccount", "pk": 1, "fields": {"password": "hashed_password", "last_login": null, "created_at": "2024-05-22T16:28:07.313Z", "updated_at": "2024-05-22T16:28:07.313Z", "role": "USER", "status": "CONFIRMED", "first_name": "Алексей", "last_name": "Иванов", "middle_name": "", "gender": "MALE", "date_of_birth": "1990-01-01", "phone_number": "+79822624975", "email": "alexey@example.com", "city": "Москва", "passport_series": "4315", "passport_number": "123457", "passport_issue_date": "2010-01-01", "passport_issued_by": "ОУФМС РОССИИ ПО МОСКВЕ", "consent_to_rights": true, "сonsent_to_processing": true}}, {"model": "user.useraccount", "pk": 2, "fields": {"password": "hashed_password", "last_login": null, "created_at": "2024-05-22T16:28:07.313Z", "updated_at": "2024-05-22T16:28:07.313Z", "role": "USER", "status": "CONFIRMED", "first_name": "Мария", "last_name": "Петрова", "middle_name": "", "gender": "FEMALE", "date_of_birth": "1992-02-02", "phone_number": "+79822624978", "email": "maria@example.com", "city": "Санкт-Петербург", "passport_series": "4316", "passport_number": "654322", "passport_issue_date": "2012-02-02", "passport_issued_by": "ОУФМС РОССИИ ПО САНКТ-ПЕТЕРБУРГУ", "consent_to_rights": true, "сonsent_to_processing": true}}, {"model": "user.useraccount", "pk": 3, "fields": {"password": "hashed_password", "last_login": null, "created_at": "2024-05-22T16:28:07.313Z", "updated_at": "2024-05-22T16:28:07.313Z", "role": "USER", "status": "CONFIRMED", "first_name": "Иван", "last_name": "Сидоров", "middle_name": "", "gender": "MALE", "date_of_birth": "1985-03-15", "phone_number": "+79822624976", "email": "ivan@example.com", "city": "Нижний Новгород", "passport_series": "4317", "passport_number": "987654", "passport_issue_date": "2011-03-15", "passport_issued_by": "ОУФМС РОССИИ ПО НИЖНЕМУ НОВГОРОДУ", "consent_to_rights": true, "сonsent_to_processing": true}}, {"model": "user.useraccount", "pk": 4, "fields": {"password": "hashed_password", "last_login": null, "created_at": "2024-05-22T16:28:07.313Z", "updated_at": "2024-05-22T16:28:07.313Z", "role": "USER", "status": "CONFIRMED", "first_name": "Ольга", "last_name": "Смирнова", "middle_name": "", "gender": "FEMALE", "date_of_birth": "1991-04-25", "phone_number": "+79822624979", "email": "olga@example.com", "city": "Екатеринбург", "passport_series": "4318", "passport_number": "876543", "passport_issue_date": "2012-04-25", "passport_issued_by": "ОУФМС РОССИИ ПО ЕКАТЕРИНБУРГУ", "consent_to_rights": true, "сonsent_to_processing": true}}, {"model": "user.useraccount", "pk": 5, "fields": {"password": "hashed_password", "last_login": null, "created_at": "2024-05-22T16:28:07.313Z", "updated_at": "2024-05-22T16:28:07.313Z", "role": "REGIONAL_DIRECTOR", "status": "CONFIRMED", "first_name": "Анна", "last_name": "Кузнецова", "middle_name": "", "gender": "FEMALE", "date_of_birth": "1987-06-05", "phone_number": "+79822624980", "email": "anna@example.com", "city": "Москва", "passport_series": "4319", "passport_number": "123459", "passport_issue_date": "2010-06-05", "passport_issued_by": "ОУФМС РОССИИ ПО МОСКВЕ", "consent_to_rights": true, "сonsent_to_processing": true}}, {"model": "user.useraccount", "pk": 6, "fields": {"password": "hashed_password", "last_login": null, "created_at": "2024-05-22T16:28:07.313Z", "updated_at": "2024-05-22T16:28:07.313Z", "role": "REGIONAL_DIRECTOR", "status": "CONFIRMED", "first_name": "Сергей", "last_name": "Лебедев", "middle_name": "", "gender": "MALE", "date_of_birth": "1993-07-15", "phone_number": "+79822624981", "email": "sergey@example.com", "city": "Санкт-Петербург", "passport_series": "4320", "passport_number": "654324", "passport_issue_date": "2012-07-15", "passport_issued_by": "ОУФМС РОССИИ ПО САНКТ-ПЕТЕРБУРГУ", "consent_to_rights": true, "сonsent_to_processing": true}}]